"Source:","C:\Users\USER\Documents\Embedded Systems_ Masters\SS2023\SDHD_LAB\Lab1\__lab1_GroupE3\40_Implementation\10_HW\XX_PCB_template\10_work\lab1.kicad_sch"
"Date:","2023-05-10 3:48:51 PM"
"Tool:","Eeschema 7.0.1"
"Generator:","C:\Program Files\KiCad\7.0\bin\scripting\plugins/bom_csv_grouped_by_value_with_fp.py"
"Component Count:","34"
"Ref","Qnty","Value","Cmp name","Footprint","Description","Vendor","DNP"
"C1, C5","2","4.7u","C_Polarized","Capacitor_THT:CP_Radial_D6.3mm_P2.50mm","Polarized capacitor","",""
"C2","1","22u","C_Polarized","Capacitor_THT:CP_Radial_D5.0mm_P2.00mm","Polarized capacitor","",""
"C3","1","1.5n","C","Capacitor_THT:C_Rect_L7.2mm_W7.2mm_P5.00mm_FKS2_FKP2_MKS2_MKP2","Unpolarized capacitor","",""
"C4","1","100n","C","Capacitor_THT:C_Rect_L7.2mm_W2.5mm_P5.00mm_FKS2_FKP2_MKS2_MKP2","Unpolarized capacitor","",""
"C6","1","3.3n","C","Capacitor_THT:C_Rect_L7.2mm_W7.2mm_P5.00mm_FKS2_FKP2_MKS2_MKP2","Unpolarized capacitor","",""
"D1","1","LED_GREEN","LED","LED_THT:LED_D5.0mm","Light emitting diode","",""
"D2","1","LED_YELLOW","LED","LED_THT:LED_D5.0mm","Light emitting diode","",""
"D3","1","LED_RED","LED","LED_THT:LED_D5.0mm","Light emitting diode","",""
"J1","1","Power","Conn_01x08","Connector_PinSocket_2.54mm:PinSocket_1x08_P2.54mm_Vertical","Generic connector, single row, 01x08, script generated (kicad-library-utils/schlib/autogen/connector/)","",""
"J2","1","Digital/PWM","Conn_01x10","Connector_PinSocket_2.54mm:PinSocket_1x10_P2.54mm_Vertical","Generic connector, single row, 01x10, script generated (kicad-library-utils/schlib/autogen/connector/)","",""
"J3","1","Analog","Conn_01x06","Connector_PinSocket_2.54mm:PinSocket_1x06_P2.54mm_Vertical","Generic connector, single row, 01x06, script generated (kicad-library-utils/schlib/autogen/connector/)","",""
"J4","1","Digital/PWM","Conn_01x08","Connector_PinSocket_2.54mm:PinSocket_1x08_P2.54mm_Vertical","Generic connector, single row, 01x08, script generated (kicad-library-utils/schlib/autogen/connector/)","",""
"J5","1","Conn_01x03_Pin","Conn_01x03_Pin","Connector_PinSocket_2.54mm:PinSocket_1x03_P2.54mm_Horizontal","Generic connector, single row, 01x03, script generated","",""
"J6, J7, J8, J9, J10, J11, J12","7","Conn_01x01_Pin","Conn_01x01_Pin","Connector_PinHeader_2.54mm:PinHeader_1x01_P2.54mm_Vertical","Generic connector, single row, 01x01, script generated","",""
"R1, R2","2","1k","R","Resistor_THT:R_Axial_DIN0207_L6.3mm_D2.5mm_P10.16mm_Horizontal","Resistor","",""
"R3","1","2.2k","R","Resistor_THT:R_Axial_DIN0207_L6.3mm_D2.5mm_P10.16mm_Horizontal","Resistor","",""
"R4","1","220k","R","Resistor_THT:R_Axial_DIN0207_L6.3mm_D2.5mm_P10.16mm_Horizontal","Resistor","",""
"R5","1","33k","R","Resistor_THT:R_Axial_DIN0207_L6.3mm_D2.5mm_P10.16mm_Horizontal","Resistor","",""
"R6","1","100k","R","Resistor_THT:R_Axial_DIN0207_L6.3mm_D2.5mm_P10.16mm_Horizontal","Resistor","",""
"R7","1","100","R","Resistor_THT:R_Axial_DIN0207_L6.3mm_D2.5mm_P10.16mm_Horizontal","Resistor","",""
"R8, R9, R10","3","330","R","Resistor_THT:R_Axial_DIN0207_L6.3mm_D2.5mm_P10.16mm_Horizontal","Resistor","",""
"SW1","1","SW_Push","SW_Push","Button_Switch_THT:SW_PUSH_6mm","Push button switch, generic, two pins","",""
"U1, U2","2","OPA340P","OPA340P","Package_DIP:DIP-8_W7.62mm","Single Single-Supply, Rail-to-Rail Operational Amplifier, MicroAmplifier Series, DIP-8","",""
