<?xml version="1.0" encoding="UTF-8"?>
<export version="E">
  <design>
    <source>C:\Users\USER\Documents\Embedded Systems_ Masters\SS2023\SDHD_LAB\Lab1\__lab1_GroupE3\40_Implementation\10_HW\XX_PCB_template\10_work\lab1.kicad_sch</source>
    <date>2023-05-10 3:48:51 PM</date>
    <tool>Eeschema 7.0.1</tool>
    <sheet number="1" name="/" tstamps="/">
      <title_block>
        <title/>
        <company/>
        <rev/>
        <date>mar. 31 mars 2015</date>
        <source>lab1.kicad_sch</source>
        <comment number="1" value=""/>
        <comment number="2" value=""/>
        <comment number="3" value=""/>
        <comment number="4" value=""/>
        <comment number="5" value=""/>
        <comment number="6" value=""/>
        <comment number="7" value=""/>
        <comment number="8" value=""/>
        <comment number="9" value=""/>
      </title_block>
    </sheet>
  </design>
  <components>
    <comp ref="C1">
      <value>4.7u</value>
      <footprint>Capacitor_THT:CP_Radial_D6.3mm_P2.50mm</footprint>
      <libsource lib="Device" part="C_Polarized" description="Polarized capacitor"/>
      <property name="Sheetname" value=""/>
      <property name="Sheetfile" value="lab1.kicad_sch"/>
      <property name="ki_description" value="Polarized capacitor"/>
      <property name="ki_keywords" value="cap capacitor"/>
      <sheetpath names="/" tstamps="/"/>
      <tstamps>4ca91851-a08f-43cb-8cbe-8ed143b0adc3</tstamps>
    </comp>
    <comp ref="C2">
      <value>22u</value>
      <footprint>Capacitor_THT:CP_Radial_D5.0mm_P2.00mm</footprint>
      <libsource lib="Device" part="C_Polarized" description="Polarized capacitor"/>
      <property name="Sheetname" value=""/>
      <property name="Sheetfile" value="lab1.kicad_sch"/>
      <property name="ki_description" value="Polarized capacitor"/>
      <property name="ki_keywords" value="cap capacitor"/>
      <sheetpath names="/" tstamps="/"/>
      <tstamps>7fbe025e-016e-4ede-b6b6-22ff3e0c157d</tstamps>
    </comp>
    <comp ref="C3">
      <value>1.5n</value>
      <footprint>Capacitor_THT:C_Rect_L7.2mm_W7.2mm_P5.00mm_FKS2_FKP2_MKS2_MKP2</footprint>
      <libsource lib="Device" part="C" description="Unpolarized capacitor"/>
      <property name="Sheetname" value=""/>
      <property name="Sheetfile" value="lab1.kicad_sch"/>
      <property name="ki_description" value="Unpolarized capacitor"/>
      <property name="ki_keywords" value="cap capacitor"/>
      <sheetpath names="/" tstamps="/"/>
      <tstamps>051dabac-f950-42ce-8ea9-f5aab0818b00</tstamps>
    </comp>
    <comp ref="C4">
      <value>100n</value>
      <footprint>Capacitor_THT:C_Rect_L7.2mm_W2.5mm_P5.00mm_FKS2_FKP2_MKS2_MKP2</footprint>
      <libsource lib="Device" part="C" description="Unpolarized capacitor"/>
      <property name="Sheetname" value=""/>
      <property name="Sheetfile" value="lab1.kicad_sch"/>
      <property name="ki_description" value="Unpolarized capacitor"/>
      <property name="ki_keywords" value="cap capacitor"/>
      <sheetpath names="/" tstamps="/"/>
      <tstamps>49e276ab-9d0b-4f14-9257-0b4a08a99505</tstamps>
    </comp>
    <comp ref="C5">
      <value>4.7u</value>
      <footprint>Capacitor_THT:CP_Radial_D6.3mm_P2.50mm</footprint>
      <libsource lib="Device" part="C_Polarized" description="Polarized capacitor"/>
      <property name="Sheetname" value=""/>
      <property name="Sheetfile" value="lab1.kicad_sch"/>
      <property name="ki_description" value="Polarized capacitor"/>
      <property name="ki_keywords" value="cap capacitor"/>
      <sheetpath names="/" tstamps="/"/>
      <tstamps>aa8a96ed-7ea1-4d83-8eef-1299cb58af72</tstamps>
    </comp>
    <comp ref="C6">
      <value>3.3n</value>
      <footprint>Capacitor_THT:C_Rect_L7.2mm_W7.2mm_P5.00mm_FKS2_FKP2_MKS2_MKP2</footprint>
      <libsource lib="Device" part="C" description="Unpolarized capacitor"/>
      <property name="Sheetname" value=""/>
      <property name="Sheetfile" value="lab1.kicad_sch"/>
      <property name="ki_description" value="Unpolarized capacitor"/>
      <property name="ki_keywords" value="cap capacitor"/>
      <sheetpath names="/" tstamps="/"/>
      <tstamps>d1c3e4f0-e740-4962-9d7c-320612d6c371</tstamps>
    </comp>
    <comp ref="D1">
      <value>LED_GREEN</value>
      <footprint>LED_THT:LED_D5.0mm</footprint>
      <libsource lib="Device" part="LED" description="Light emitting diode"/>
      <property name="Sheetname" value=""/>
      <property name="Sheetfile" value="lab1.kicad_sch"/>
      <property name="ki_description" value="Light emitting diode"/>
      <property name="ki_keywords" value="LED diode"/>
      <sheetpath names="/" tstamps="/"/>
      <tstamps>ea5b0b79-72d2-40a7-a895-5cccb67213ec</tstamps>
    </comp>
    <comp ref="D2">
      <value>LED_YELLOW</value>
      <footprint>LED_THT:LED_D5.0mm</footprint>
      <libsource lib="Device" part="LED" description="Light emitting diode"/>
      <property name="Sheetname" value=""/>
      <property name="Sheetfile" value="lab1.kicad_sch"/>
      <property name="ki_description" value="Light emitting diode"/>
      <property name="ki_keywords" value="LED diode"/>
      <sheetpath names="/" tstamps="/"/>
      <tstamps>ed79bdcc-2427-4fbd-82b8-5795a0c1d77d</tstamps>
    </comp>
    <comp ref="D3">
      <value>LED_RED</value>
      <footprint>LED_THT:LED_D5.0mm</footprint>
      <libsource lib="Device" part="LED" description="Light emitting diode"/>
      <property name="Sheetname" value=""/>
      <property name="Sheetfile" value="lab1.kicad_sch"/>
      <property name="ki_description" value="Light emitting diode"/>
      <property name="ki_keywords" value="LED diode"/>
      <sheetpath names="/" tstamps="/"/>
      <tstamps>b80c0c3e-a3d3-4e61-bb6f-1be85e565344</tstamps>
    </comp>
    <comp ref="J1">
      <value>Power</value>
      <footprint>Connector_PinSocket_2.54mm:PinSocket_1x08_P2.54mm_Vertical</footprint>
      <libsource lib="Connector_Generic" part="Conn_01x08" description="Generic connector, single row, 01x08, script generated (kicad-library-utils/schlib/autogen/connector/)"/>
      <property name="Sheetname" value=""/>
      <property name="Sheetfile" value="lab1.kicad_sch"/>
      <property name="ki_description" value="Generic connector, single row, 01x08, script generated (kicad-library-utils/schlib/autogen/connector/)"/>
      <property name="ki_keywords" value="connector"/>
      <sheetpath names="/" tstamps="/"/>
      <tstamps>00000000-0000-0000-0000-000056d71773</tstamps>
    </comp>
    <comp ref="J2">
      <value>Digital/PWM</value>
      <footprint>Connector_PinSocket_2.54mm:PinSocket_1x10_P2.54mm_Vertical</footprint>
      <libsource lib="Connector_Generic" part="Conn_01x10" description="Generic connector, single row, 01x10, script generated (kicad-library-utils/schlib/autogen/connector/)"/>
      <property name="Sheetname" value=""/>
      <property name="Sheetfile" value="lab1.kicad_sch"/>
      <property name="ki_description" value="Generic connector, single row, 01x10, script generated (kicad-library-utils/schlib/autogen/connector/)"/>
      <property name="ki_keywords" value="connector"/>
      <sheetpath names="/" tstamps="/"/>
      <tstamps>00000000-0000-0000-0000-000056d72368</tstamps>
    </comp>
    <comp ref="J3">
      <value>Analog</value>
      <footprint>Connector_PinSocket_2.54mm:PinSocket_1x06_P2.54mm_Vertical</footprint>
      <libsource lib="Connector_Generic" part="Conn_01x06" description="Generic connector, single row, 01x06, script generated (kicad-library-utils/schlib/autogen/connector/)"/>
      <property name="Sheetname" value=""/>
      <property name="Sheetfile" value="lab1.kicad_sch"/>
      <property name="ki_description" value="Generic connector, single row, 01x06, script generated (kicad-library-utils/schlib/autogen/connector/)"/>
      <property name="ki_keywords" value="connector"/>
      <sheetpath names="/" tstamps="/"/>
      <tstamps>00000000-0000-0000-0000-000056d72f1c</tstamps>
    </comp>
    <comp ref="J4">
      <value>Digital/PWM</value>
      <footprint>Connector_PinSocket_2.54mm:PinSocket_1x08_P2.54mm_Vertical</footprint>
      <libsource lib="Connector_Generic" part="Conn_01x08" description="Generic connector, single row, 01x08, script generated (kicad-library-utils/schlib/autogen/connector/)"/>
      <property name="Sheetname" value=""/>
      <property name="Sheetfile" value="lab1.kicad_sch"/>
      <property name="ki_description" value="Generic connector, single row, 01x08, script generated (kicad-library-utils/schlib/autogen/connector/)"/>
      <property name="ki_keywords" value="connector"/>
      <sheetpath names="/" tstamps="/"/>
      <tstamps>00000000-0000-0000-0000-000056d734d0</tstamps>
    </comp>
    <comp ref="J5">
      <value>Conn_01x03_Pin</value>
      <footprint>Connector_PinSocket_2.54mm:PinSocket_1x03_P2.54mm_Horizontal</footprint>
      <libsource lib="Connector" part="Conn_01x03_Pin" description="Generic connector, single row, 01x03, script generated"/>
      <property name="Sheetname" value=""/>
      <property name="Sheetfile" value="lab1.kicad_sch"/>
      <property name="ki_description" value="Generic connector, single row, 01x03, script generated"/>
      <property name="ki_keywords" value="connector"/>
      <sheetpath names="/" tstamps="/"/>
      <tstamps>cae95c4b-75e3-4bf0-a496-5998fa6d5f75</tstamps>
    </comp>
    <comp ref="J6">
      <value>Conn_01x01_Pin</value>
      <footprint>Connector_PinHeader_2.54mm:PinHeader_1x01_P2.54mm_Vertical</footprint>
      <libsource lib="Connector" part="Conn_01x01_Pin" description="Generic connector, single row, 01x01, script generated"/>
      <property name="Sheetname" value=""/>
      <property name="Sheetfile" value="lab1.kicad_sch"/>
      <property name="ki_description" value="Generic connector, single row, 01x01, script generated"/>
      <property name="ki_keywords" value="connector"/>
      <sheetpath names="/" tstamps="/"/>
      <tstamps>5b99f6e5-339e-463e-9b9b-46eba882ad26</tstamps>
    </comp>
    <comp ref="J7">
      <value>Conn_01x01_Pin</value>
      <footprint>Connector_PinHeader_2.54mm:PinHeader_1x01_P2.54mm_Vertical</footprint>
      <libsource lib="Connector" part="Conn_01x01_Pin" description="Generic connector, single row, 01x01, script generated"/>
      <property name="Sheetname" value=""/>
      <property name="Sheetfile" value="lab1.kicad_sch"/>
      <property name="ki_description" value="Generic connector, single row, 01x01, script generated"/>
      <property name="ki_keywords" value="connector"/>
      <sheetpath names="/" tstamps="/"/>
      <tstamps>819762cc-a1ed-4750-937d-80905da7e5bc</tstamps>
    </comp>
    <comp ref="J8">
      <value>Conn_01x01_Pin</value>
      <footprint>Connector_PinHeader_2.54mm:PinHeader_1x01_P2.54mm_Vertical</footprint>
      <libsource lib="Connector" part="Conn_01x01_Pin" description="Generic connector, single row, 01x01, script generated"/>
      <property name="Sheetname" value=""/>
      <property name="Sheetfile" value="lab1.kicad_sch"/>
      <property name="ki_description" value="Generic connector, single row, 01x01, script generated"/>
      <property name="ki_keywords" value="connector"/>
      <sheetpath names="/" tstamps="/"/>
      <tstamps>5d804e23-d15f-4de8-ad19-28c9028b27c2</tstamps>
    </comp>
    <comp ref="J9">
      <value>Conn_01x01_Pin</value>
      <footprint>Connector_PinHeader_2.54mm:PinHeader_1x01_P2.54mm_Vertical</footprint>
      <libsource lib="Connector" part="Conn_01x01_Pin" description="Generic connector, single row, 01x01, script generated"/>
      <property name="Sheetname" value=""/>
      <property name="Sheetfile" value="lab1.kicad_sch"/>
      <property name="ki_description" value="Generic connector, single row, 01x01, script generated"/>
      <property name="ki_keywords" value="connector"/>
      <sheetpath names="/" tstamps="/"/>
      <tstamps>69eb9d83-6ad8-4e60-94d1-936578a7c0e6</tstamps>
    </comp>
    <comp ref="J10">
      <value>Conn_01x01_Pin</value>
      <footprint>Connector_PinHeader_2.54mm:PinHeader_1x01_P2.54mm_Vertical</footprint>
      <libsource lib="Connector" part="Conn_01x01_Pin" description="Generic connector, single row, 01x01, script generated"/>
      <property name="Sheetname" value=""/>
      <property name="Sheetfile" value="lab1.kicad_sch"/>
      <property name="ki_description" value="Generic connector, single row, 01x01, script generated"/>
      <property name="ki_keywords" value="connector"/>
      <sheetpath names="/" tstamps="/"/>
      <tstamps>1c41465e-5ffa-4a46-87e5-8cb6635f2967</tstamps>
    </comp>
    <comp ref="J11">
      <value>Conn_01x01_Pin</value>
      <footprint>Connector_PinHeader_2.54mm:PinHeader_1x01_P2.54mm_Vertical</footprint>
      <libsource lib="Connector" part="Conn_01x01_Pin" description="Generic connector, single row, 01x01, script generated"/>
      <property name="Sheetname" value=""/>
      <property name="Sheetfile" value="lab1.kicad_sch"/>
      <property name="ki_description" value="Generic connector, single row, 01x01, script generated"/>
      <property name="ki_keywords" value="connector"/>
      <sheetpath names="/" tstamps="/"/>
      <tstamps>7267c7ff-0ed9-4902-8f01-c6eb0ed96dc9</tstamps>
    </comp>
    <comp ref="J12">
      <value>Conn_01x01_Pin</value>
      <footprint>Connector_PinHeader_2.54mm:PinHeader_1x01_P2.54mm_Vertical</footprint>
      <libsource lib="Connector" part="Conn_01x01_Pin" description="Generic connector, single row, 01x01, script generated"/>
      <property name="Sheetname" value=""/>
      <property name="Sheetfile" value="lab1.kicad_sch"/>
      <property name="ki_description" value="Generic connector, single row, 01x01, script generated"/>
      <property name="ki_keywords" value="connector"/>
      <sheetpath names="/" tstamps="/"/>
      <tstamps>3dcb8dcd-6ae6-4d4a-b95e-95dbfbb03a40</tstamps>
    </comp>
    <comp ref="R1">
      <value>1k</value>
      <footprint>Resistor_THT:R_Axial_DIN0207_L6.3mm_D2.5mm_P10.16mm_Horizontal</footprint>
      <libsource lib="Device" part="R" description="Resistor"/>
      <property name="Sheetname" value=""/>
      <property name="Sheetfile" value="lab1.kicad_sch"/>
      <property name="ki_description" value="Resistor"/>
      <property name="ki_keywords" value="R res resistor"/>
      <sheetpath names="/" tstamps="/"/>
      <tstamps>b74a4080-6531-4599-adde-7870f2f6dba4</tstamps>
    </comp>
    <comp ref="R2">
      <value>1k</value>
      <footprint>Resistor_THT:R_Axial_DIN0207_L6.3mm_D2.5mm_P10.16mm_Horizontal</footprint>
      <libsource lib="Device" part="R" description="Resistor"/>
      <property name="Sheetname" value=""/>
      <property name="Sheetfile" value="lab1.kicad_sch"/>
      <property name="ki_description" value="Resistor"/>
      <property name="ki_keywords" value="R res resistor"/>
      <sheetpath names="/" tstamps="/"/>
      <tstamps>f3bccda7-23c8-4067-8c63-9a5dcb47943a</tstamps>
    </comp>
    <comp ref="R3">
      <value>2.2k</value>
      <footprint>Resistor_THT:R_Axial_DIN0207_L6.3mm_D2.5mm_P10.16mm_Horizontal</footprint>
      <libsource lib="Device" part="R" description="Resistor"/>
      <property name="Sheetname" value=""/>
      <property name="Sheetfile" value="lab1.kicad_sch"/>
      <property name="ki_description" value="Resistor"/>
      <property name="ki_keywords" value="R res resistor"/>
      <sheetpath names="/" tstamps="/"/>
      <tstamps>aa12fae0-3f3e-4287-9db1-b3574268c4b9</tstamps>
    </comp>
    <comp ref="R4">
      <value>220k</value>
      <footprint>Resistor_THT:R_Axial_DIN0207_L6.3mm_D2.5mm_P10.16mm_Horizontal</footprint>
      <libsource lib="Device" part="R" description="Resistor"/>
      <property name="Sheetname" value=""/>
      <property name="Sheetfile" value="lab1.kicad_sch"/>
      <property name="ki_description" value="Resistor"/>
      <property name="ki_keywords" value="R res resistor"/>
      <sheetpath names="/" tstamps="/"/>
      <tstamps>5346bf2b-56ca-4fb4-85b3-f4d893afd5ad</tstamps>
    </comp>
    <comp ref="R5">
      <value>33k</value>
      <footprint>Resistor_THT:R_Axial_DIN0207_L6.3mm_D2.5mm_P10.16mm_Horizontal</footprint>
      <libsource lib="Device" part="R" description="Resistor"/>
      <property name="Sheetname" value=""/>
      <property name="Sheetfile" value="lab1.kicad_sch"/>
      <property name="ki_description" value="Resistor"/>
      <property name="ki_keywords" value="R res resistor"/>
      <sheetpath names="/" tstamps="/"/>
      <tstamps>cb35a79e-2175-48dd-84f7-775c33d905cf</tstamps>
    </comp>
    <comp ref="R6">
      <value>100k</value>
      <footprint>Resistor_THT:R_Axial_DIN0207_L6.3mm_D2.5mm_P10.16mm_Horizontal</footprint>
      <libsource lib="Device" part="R" description="Resistor"/>
      <property name="Sheetname" value=""/>
      <property name="Sheetfile" value="lab1.kicad_sch"/>
      <property name="ki_description" value="Resistor"/>
      <property name="ki_keywords" value="R res resistor"/>
      <sheetpath names="/" tstamps="/"/>
      <tstamps>4424c9c1-a243-48d5-bfca-3175896909ff</tstamps>
    </comp>
    <comp ref="R7">
      <value>100</value>
      <footprint>Resistor_THT:R_Axial_DIN0207_L6.3mm_D2.5mm_P10.16mm_Horizontal</footprint>
      <libsource lib="Device" part="R" description="Resistor"/>
      <property name="Sheetname" value=""/>
      <property name="Sheetfile" value="lab1.kicad_sch"/>
      <property name="ki_description" value="Resistor"/>
      <property name="ki_keywords" value="R res resistor"/>
      <sheetpath names="/" tstamps="/"/>
      <tstamps>1eb0cd58-1876-4731-8946-3f7052471872</tstamps>
    </comp>
    <comp ref="R8">
      <value>330</value>
      <footprint>Resistor_THT:R_Axial_DIN0207_L6.3mm_D2.5mm_P10.16mm_Horizontal</footprint>
      <libsource lib="Device" part="R" description="Resistor"/>
      <property name="Sheetname" value=""/>
      <property name="Sheetfile" value="lab1.kicad_sch"/>
      <property name="ki_description" value="Resistor"/>
      <property name="ki_keywords" value="R res resistor"/>
      <sheetpath names="/" tstamps="/"/>
      <tstamps>789c154f-1297-45d1-b5de-c75e756f379e</tstamps>
    </comp>
    <comp ref="R9">
      <value>330</value>
      <footprint>Resistor_THT:R_Axial_DIN0207_L6.3mm_D2.5mm_P10.16mm_Horizontal</footprint>
      <libsource lib="Device" part="R" description="Resistor"/>
      <property name="Sheetname" value=""/>
      <property name="Sheetfile" value="lab1.kicad_sch"/>
      <property name="ki_description" value="Resistor"/>
      <property name="ki_keywords" value="R res resistor"/>
      <sheetpath names="/" tstamps="/"/>
      <tstamps>9f305601-0c1b-47ff-948e-037041cb19fa</tstamps>
    </comp>
    <comp ref="R10">
      <value>330</value>
      <footprint>Resistor_THT:R_Axial_DIN0207_L6.3mm_D2.5mm_P10.16mm_Horizontal</footprint>
      <libsource lib="Device" part="R" description="Resistor"/>
      <property name="Sheetname" value=""/>
      <property name="Sheetfile" value="lab1.kicad_sch"/>
      <property name="ki_description" value="Resistor"/>
      <property name="ki_keywords" value="R res resistor"/>
      <sheetpath names="/" tstamps="/"/>
      <tstamps>8c76ec62-a109-49e6-a140-2bf5eaaf71a4</tstamps>
    </comp>
    <comp ref="SW1">
      <value>SW_Push</value>
      <footprint>Button_Switch_THT:SW_PUSH_6mm</footprint>
      <libsource lib="Switch" part="SW_Push" description="Push button switch, generic, two pins"/>
      <property name="Sheetname" value=""/>
      <property name="Sheetfile" value="lab1.kicad_sch"/>
      <property name="ki_description" value="Push button switch, generic, two pins"/>
      <property name="ki_keywords" value="switch normally-open pushbutton push-button"/>
      <sheetpath names="/" tstamps="/"/>
      <tstamps>3ae75689-e0fb-4251-8d78-f5e3a8e17166</tstamps>
    </comp>
    <comp ref="U1">
      <value>OPA340P</value>
      <footprint>Package_DIP:DIP-8_W7.62mm</footprint>
      <datasheet>http://www.ti.com/lit/ds/symlink/opa340.pdf</datasheet>
      <libsource lib="Amplifier_Operational" part="OPA340P" description="Single Single-Supply, Rail-to-Rail Operational Amplifier, MicroAmplifier Series, DIP-8"/>
      <property name="Sheetname" value=""/>
      <property name="Sheetfile" value="lab1.kicad_sch"/>
      <property name="ki_description" value="Single Single-Supply, Rail-to-Rail Operational Amplifier, MicroAmplifier Series, DIP-8"/>
      <property name="ki_keywords" value="single opamp"/>
      <sheetpath names="/" tstamps="/"/>
      <tstamps>538ac804-ac5f-4da3-bffe-21c0ab87af8c</tstamps>
    </comp>
    <comp ref="U2">
      <value>OPA340P</value>
      <footprint>Package_DIP:DIP-8_W7.62mm</footprint>
      <datasheet>http://www.ti.com/lit/ds/symlink/opa340.pdf</datasheet>
      <libsource lib="Amplifier_Operational" part="OPA340P" description="Single Single-Supply, Rail-to-Rail Operational Amplifier, MicroAmplifier Series, DIP-8"/>
      <property name="Sheetname" value=""/>
      <property name="Sheetfile" value="lab1.kicad_sch"/>
      <property name="ki_description" value="Single Single-Supply, Rail-to-Rail Operational Amplifier, MicroAmplifier Series, DIP-8"/>
      <property name="ki_keywords" value="single opamp"/>
      <sheetpath names="/" tstamps="/"/>
      <tstamps>20ec99ee-0716-43a5-86b9-a73ca8b61a77</tstamps>
    </comp>
  </components>
  <libparts>
    <libpart lib="Amplifier_Operational" part="OPA340P">
      <description>Single Single-Supply, Rail-to-Rail Operational Amplifier, MicroAmplifier Series, DIP-8</description>
      <docs>http://www.ti.com/lit/ds/symlink/opa340.pdf</docs>
      <footprints>
        <fp>DIP*W7.62mm*</fp>
      </footprints>
      <fields>
        <field name="Reference">U</field>
        <field name="Value">OPA340P</field>
        <field name="Footprint">Package_DIP:DIP-8_W7.62mm</field>
        <field name="Datasheet">http://www.ti.com/lit/ds/symlink/opa340.pdf</field>
      </fields>
      <pins>
        <pin num="1" name="NC" type="no_connect"/>
        <pin num="2" name="-" type="input"/>
        <pin num="3" name="+" type="input"/>
        <pin num="4" name="V-" type="power_in"/>
        <pin num="5" name="NC" type="no_connect"/>
        <pin num="6" name="" type="output"/>
        <pin num="7" name="V+" type="power_in"/>
        <pin num="8" name="NC" type="no_connect"/>
      </pins>
    </libpart>
    <libpart lib="Connector" part="Conn_01x01_Pin">
      <description>Generic connector, single row, 01x01, script generated</description>
      <docs>~</docs>
      <footprints>
        <fp>Connector*:*_1x??_*</fp>
      </footprints>
      <fields>
        <field name="Reference">J</field>
        <field name="Value">Conn_01x01_Pin</field>
        <field name="Datasheet">~</field>
      </fields>
      <pins>
        <pin num="1" name="Pin_1" type="passive"/>
      </pins>
    </libpart>
    <libpart lib="Connector" part="Conn_01x03_Pin">
      <description>Generic connector, single row, 01x03, script generated</description>
      <docs>~</docs>
      <footprints>
        <fp>Connector*:*_1x??_*</fp>
      </footprints>
      <fields>
        <field name="Reference">J</field>
        <field name="Value">Conn_01x03_Pin</field>
        <field name="Datasheet">~</field>
      </fields>
      <pins>
        <pin num="1" name="Pin_1" type="passive"/>
        <pin num="2" name="Pin_2" type="passive"/>
        <pin num="3" name="Pin_3" type="passive"/>
      </pins>
    </libpart>
    <libpart lib="Connector_Generic" part="Conn_01x06">
      <description>Generic connector, single row, 01x06, script generated (kicad-library-utils/schlib/autogen/connector/)</description>
      <docs>~</docs>
      <footprints>
        <fp>Connector*:*_1x??_*</fp>
      </footprints>
      <fields>
        <field name="Reference">J</field>
        <field name="Value">Conn_01x06</field>
        <field name="Datasheet">~</field>
      </fields>
      <pins>
        <pin num="1" name="Pin_1" type="passive"/>
        <pin num="2" name="Pin_2" type="passive"/>
        <pin num="3" name="Pin_3" type="passive"/>
        <pin num="4" name="Pin_4" type="passive"/>
        <pin num="5" name="Pin_5" type="passive"/>
        <pin num="6" name="Pin_6" type="passive"/>
      </pins>
    </libpart>
    <libpart lib="Connector_Generic" part="Conn_01x08">
      <description>Generic connector, single row, 01x08, script generated (kicad-library-utils/schlib/autogen/connector/)</description>
      <docs>~</docs>
      <footprints>
        <fp>Connector*:*_1x??_*</fp>
      </footprints>
      <fields>
        <field name="Reference">J</field>
        <field name="Value">Conn_01x08</field>
        <field name="Datasheet">~</field>
      </fields>
      <pins>
        <pin num="1" name="Pin_1" type="passive"/>
        <pin num="2" name="Pin_2" type="passive"/>
        <pin num="3" name="Pin_3" type="passive"/>
        <pin num="4" name="Pin_4" type="passive"/>
        <pin num="5" name="Pin_5" type="passive"/>
        <pin num="6" name="Pin_6" type="passive"/>
        <pin num="7" name="Pin_7" type="passive"/>
        <pin num="8" name="Pin_8" type="passive"/>
      </pins>
    </libpart>
    <libpart lib="Connector_Generic" part="Conn_01x10">
      <description>Generic connector, single row, 01x10, script generated (kicad-library-utils/schlib/autogen/connector/)</description>
      <docs>~</docs>
      <footprints>
        <fp>Connector*:*_1x??_*</fp>
      </footprints>
      <fields>
        <field name="Reference">J</field>
        <field name="Value">Conn_01x10</field>
        <field name="Datasheet">~</field>
      </fields>
      <pins>
        <pin num="1" name="Pin_1" type="passive"/>
        <pin num="2" name="Pin_2" type="passive"/>
        <pin num="3" name="Pin_3" type="passive"/>
        <pin num="4" name="Pin_4" type="passive"/>
        <pin num="5" name="Pin_5" type="passive"/>
        <pin num="6" name="Pin_6" type="passive"/>
        <pin num="7" name="Pin_7" type="passive"/>
        <pin num="8" name="Pin_8" type="passive"/>
        <pin num="9" name="Pin_9" type="passive"/>
        <pin num="10" name="Pin_10" type="passive"/>
      </pins>
    </libpart>
    <libpart lib="Device" part="C">
      <description>Unpolarized capacitor</description>
      <docs>~</docs>
      <footprints>
        <fp>C_*</fp>
      </footprints>
      <fields>
        <field name="Reference">C</field>
        <field name="Value">C</field>
        <field name="Datasheet">~</field>
      </fields>
      <pins>
        <pin num="1" name="" type="passive"/>
        <pin num="2" name="" type="passive"/>
      </pins>
    </libpart>
    <libpart lib="Device" part="C_Polarized">
      <description>Polarized capacitor</description>
      <docs>~</docs>
      <footprints>
        <fp>CP_*</fp>
      </footprints>
      <fields>
        <field name="Reference">C</field>
        <field name="Value">C_Polarized</field>
        <field name="Datasheet">~</field>
      </fields>
      <pins>
        <pin num="1" name="" type="passive"/>
        <pin num="2" name="" type="passive"/>
      </pins>
    </libpart>
    <libpart lib="Device" part="LED">
      <description>Light emitting diode</description>
      <docs>~</docs>
      <footprints>
        <fp>LED*</fp>
        <fp>LED_SMD:*</fp>
        <fp>LED_THT:*</fp>
      </footprints>
      <fields>
        <field name="Reference">D</field>
        <field name="Value">LED</field>
        <field name="Datasheet">~</field>
      </fields>
      <pins>
        <pin num="1" name="K" type="passive"/>
        <pin num="2" name="A" type="passive"/>
      </pins>
    </libpart>
    <libpart lib="Device" part="R">
      <description>Resistor</description>
      <docs>~</docs>
      <footprints>
        <fp>R_*</fp>
      </footprints>
      <fields>
        <field name="Reference">R</field>
        <field name="Value">R</field>
        <field name="Datasheet">~</field>
      </fields>
      <pins>
        <pin num="1" name="" type="passive"/>
        <pin num="2" name="" type="passive"/>
      </pins>
    </libpart>
    <libpart lib="Switch" part="SW_Push">
      <description>Push button switch, generic, two pins</description>
      <docs>~</docs>
      <fields>
        <field name="Reference">SW</field>
        <field name="Value">SW_Push</field>
        <field name="Datasheet">~</field>
      </fields>
      <pins>
        <pin num="1" name="1" type="passive"/>
        <pin num="2" name="2" type="passive"/>
      </pins>
    </libpart>
  </libparts>
  <libraries>
    <library logical="Amplifier_Operational">
      <uri>C:\Program Files\KiCad\7.0\share\kicad\symbols\/Amplifier_Operational.kicad_sym</uri>
    </library>
    <library logical="Connector">
      <uri>C:\Program Files\KiCad\7.0\share\kicad\symbols\/Connector.kicad_sym</uri>
    </library>
    <library logical="Connector_Generic">
      <uri>C:\Program Files\KiCad\7.0\share\kicad\symbols\/Connector_Generic.kicad_sym</uri>
    </library>
    <library logical="Device">
      <uri>C:\Program Files\KiCad\7.0\share\kicad\symbols\/Device.kicad_sym</uri>
    </library>
    <library logical="Switch">
      <uri>C:\Program Files\KiCad\7.0\share\kicad\symbols\/Switch.kicad_sym</uri>
    </library>
  </libraries>
  <nets>
    <net code="1" name="+5V">
      <node ref="J1" pin="5" pinfunction="Pin_5" pintype="passive"/>
      <node ref="J5" pin="3" pinfunction="Pin_3" pintype="passive"/>
      <node ref="R1" pin="1" pintype="passive"/>
      <node ref="U1" pin="7" pinfunction="V+" pintype="power_in"/>
      <node ref="U2" pin="7" pinfunction="V+" pintype="power_in"/>
    </net>
    <net code="2" name="/*3">
      <node ref="J4" pin="5" pinfunction="Pin_5" pintype="passive+no_connect"/>
    </net>
    <net code="3" name="/*5">
      <node ref="J4" pin="3" pinfunction="Pin_3" pintype="passive"/>
      <node ref="R9" pin="1" pintype="passive"/>
    </net>
    <net code="4" name="/*6">
      <node ref="J4" pin="2" pinfunction="Pin_2" pintype="passive"/>
      <node ref="R10" pin="1" pintype="passive"/>
    </net>
    <net code="5" name="/*9">
      <node ref="J2" pin="9" pinfunction="Pin_9" pintype="passive+no_connect"/>
    </net>
    <net code="6" name="/*10">
      <node ref="J2" pin="8" pinfunction="Pin_8" pintype="passive+no_connect"/>
    </net>
    <net code="7" name="/*11">
      <node ref="J2" pin="7" pinfunction="Pin_7" pintype="passive+no_connect"/>
    </net>
    <net code="8" name="/2">
      <node ref="J4" pin="6" pinfunction="Pin_6" pintype="passive+no_connect"/>
    </net>
    <net code="9" name="/4">
      <node ref="J4" pin="4" pinfunction="Pin_4" pintype="passive"/>
      <node ref="R8" pin="1" pintype="passive"/>
    </net>
    <net code="10" name="/7">
      <node ref="J4" pin="1" pinfunction="Pin_1" pintype="passive"/>
      <node ref="SW1" pin="2" pinfunction="2" pintype="passive"/>
    </net>
    <net code="11" name="/8">
      <node ref="J2" pin="10" pinfunction="Pin_10" pintype="passive+no_connect"/>
    </net>
    <net code="12" name="/12">
      <node ref="J2" pin="6" pinfunction="Pin_6" pintype="passive+no_connect"/>
    </net>
    <net code="13" name="/13">
      <node ref="J2" pin="5" pinfunction="Pin_5" pintype="passive+no_connect"/>
    </net>
    <net code="14" name="/A0">
      <node ref="J10" pin="1" pinfunction="Pin_1" pintype="passive"/>
      <node ref="J3" pin="1" pinfunction="Pin_1" pintype="passive"/>
      <node ref="R7" pin="2" pintype="passive"/>
    </net>
    <net code="15" name="/A1">
      <node ref="J3" pin="2" pinfunction="Pin_2" pintype="passive+no_connect"/>
    </net>
    <net code="16" name="/A2">
      <node ref="J3" pin="3" pinfunction="Pin_3" pintype="passive+no_connect"/>
    </net>
    <net code="17" name="/A3">
      <node ref="J3" pin="4" pinfunction="Pin_4" pintype="passive+no_connect"/>
    </net>
    <net code="18" name="/A4">
      <node ref="J3" pin="5" pinfunction="Pin_5" pintype="passive+no_connect"/>
    </net>
    <net code="19" name="/A5">
      <node ref="J3" pin="6" pinfunction="Pin_6" pintype="passive+no_connect"/>
    </net>
    <net code="20" name="/AREF">
      <node ref="J2" pin="3" pinfunction="Pin_3" pintype="passive+no_connect"/>
    </net>
    <net code="21" name="/IOREF">
      <node ref="J1" pin="2" pinfunction="Pin_2" pintype="passive+no_connect"/>
    </net>
    <net code="22" name="/RX{slash}0">
      <node ref="J4" pin="8" pinfunction="Pin_8" pintype="passive+no_connect"/>
    </net>
    <net code="23" name="/SCL">
      <node ref="J2" pin="1" pinfunction="Pin_1" pintype="passive+no_connect"/>
    </net>
    <net code="24" name="/SDA">
      <node ref="J2" pin="2" pinfunction="Pin_2" pintype="passive+no_connect"/>
    </net>
    <net code="25" name="/TX{slash}1">
      <node ref="J4" pin="7" pinfunction="Pin_7" pintype="passive+no_connect"/>
    </net>
    <net code="26" name="/~{RESET}">
      <node ref="J1" pin="3" pinfunction="Pin_3" pintype="passive+no_connect"/>
    </net>
    <net code="27" name="GND">
      <node ref="C2" pin="2" pintype="passive"/>
      <node ref="C4" pin="1" pintype="passive"/>
      <node ref="D1" pin="1" pinfunction="K" pintype="passive"/>
      <node ref="D2" pin="1" pinfunction="K" pintype="passive"/>
      <node ref="D3" pin="1" pinfunction="K" pintype="passive"/>
      <node ref="J1" pin="6" pinfunction="Pin_6" pintype="passive"/>
      <node ref="J1" pin="7" pinfunction="Pin_7" pintype="passive"/>
      <node ref="J11" pin="1" pinfunction="Pin_1" pintype="passive"/>
      <node ref="J12" pin="1" pinfunction="Pin_1" pintype="passive"/>
      <node ref="J2" pin="4" pinfunction="Pin_4" pintype="passive"/>
      <node ref="J5" pin="1" pinfunction="Pin_1" pintype="passive"/>
      <node ref="J9" pin="1" pinfunction="Pin_1" pintype="passive"/>
      <node ref="R2" pin="2" pintype="passive"/>
      <node ref="SW1" pin="1" pinfunction="1" pintype="passive"/>
      <node ref="U1" pin="4" pinfunction="V-" pintype="power_in"/>
      <node ref="U2" pin="4" pinfunction="V-" pintype="power_in"/>
    </net>
    <net code="28" name="Net-(C1-Pad1)">
      <node ref="C1" pin="1" pintype="passive"/>
      <node ref="R3" pin="1" pintype="passive"/>
    </net>
    <net code="29" name="Net-(C3-Pad2)">
      <node ref="C3" pin="2" pintype="passive"/>
      <node ref="C5" pin="1" pintype="passive"/>
      <node ref="R4" pin="2" pintype="passive"/>
      <node ref="U1" pin="6" pintype="output"/>
    </net>
    <net code="30" name="Net-(C6-Pad2)">
      <node ref="C6" pin="2" pintype="passive"/>
      <node ref="R6" pin="2" pintype="passive"/>
      <node ref="R7" pin="1" pintype="passive"/>
      <node ref="U2" pin="6" pintype="output"/>
    </net>
    <net code="31" name="Net-(D1-A)">
      <node ref="D1" pin="2" pinfunction="A" pintype="passive"/>
      <node ref="R8" pin="2" pintype="passive"/>
    </net>
    <net code="32" name="Net-(D2-A)">
      <node ref="D2" pin="2" pinfunction="A" pintype="passive"/>
      <node ref="R9" pin="2" pintype="passive"/>
    </net>
    <net code="33" name="Net-(D3-A)">
      <node ref="D3" pin="2" pinfunction="A" pintype="passive"/>
      <node ref="R10" pin="2" pintype="passive"/>
    </net>
    <net code="34" name="Net-(J5-Pin_2)">
      <node ref="C1" pin="2" pintype="passive"/>
      <node ref="J5" pin="2" pinfunction="Pin_2" pintype="passive"/>
      <node ref="J6" pin="1" pinfunction="Pin_1" pintype="passive"/>
    </net>
    <net code="35" name="Net-(J7-Pin_1)">
      <node ref="C5" pin="2" pintype="passive"/>
      <node ref="J7" pin="1" pinfunction="Pin_1" pintype="passive"/>
      <node ref="R5" pin="1" pintype="passive"/>
    </net>
    <net code="36" name="Net-(J8-Pin_1)">
      <node ref="C6" pin="1" pintype="passive"/>
      <node ref="J8" pin="1" pinfunction="Pin_1" pintype="passive"/>
      <node ref="R5" pin="2" pintype="passive"/>
      <node ref="R6" pin="1" pintype="passive"/>
      <node ref="U2" pin="2" pinfunction="-" pintype="input"/>
    </net>
    <net code="37" name="Net-(U1-+)">
      <node ref="C2" pin="1" pintype="passive"/>
      <node ref="C4" pin="2" pintype="passive"/>
      <node ref="R1" pin="2" pintype="passive"/>
      <node ref="R2" pin="1" pintype="passive"/>
      <node ref="U1" pin="3" pinfunction="+" pintype="input"/>
      <node ref="U2" pin="3" pinfunction="+" pintype="input"/>
    </net>
    <net code="38" name="Net-(U1--)">
      <node ref="C3" pin="1" pintype="passive"/>
      <node ref="R3" pin="2" pintype="passive"/>
      <node ref="R4" pin="1" pintype="passive"/>
      <node ref="U1" pin="2" pinfunction="-" pintype="input"/>
    </net>
    <net code="39" name="unconnected-(J1-Pin_1-Pad1)">
      <node ref="J1" pin="1" pinfunction="Pin_1" pintype="passive+no_connect"/>
    </net>
    <net code="40" name="unconnected-(J1-Pin_4-Pad4)">
      <node ref="J1" pin="4" pinfunction="Pin_4" pintype="passive+no_connect"/>
    </net>
    <net code="41" name="unconnected-(J1-Pin_8-Pad8)">
      <node ref="J1" pin="8" pinfunction="Pin_8" pintype="passive+no_connect"/>
    </net>
    <net code="42" name="unconnected-(U1-NC-Pad1)">
      <node ref="U1" pin="1" pinfunction="NC" pintype="no_connect"/>
    </net>
    <net code="43" name="unconnected-(U1-NC-Pad5)">
      <node ref="U1" pin="5" pinfunction="NC" pintype="no_connect"/>
    </net>
    <net code="44" name="unconnected-(U1-NC-Pad8)">
      <node ref="U1" pin="8" pinfunction="NC" pintype="no_connect"/>
    </net>
    <net code="45" name="unconnected-(U2-NC-Pad1)">
      <node ref="U2" pin="1" pinfunction="NC" pintype="no_connect"/>
    </net>
    <net code="46" name="unconnected-(U2-NC-Pad5)">
      <node ref="U2" pin="5" pinfunction="NC" pintype="no_connect"/>
    </net>
    <net code="47" name="unconnected-(U2-NC-Pad8)">
      <node ref="U2" pin="8" pinfunction="NC" pintype="no_connect"/>
    </net>
  </nets>
</export>
